genre,embauche,reel
homme,oui,oui
homme,oui,oui
homme,oui,oui
homme,oui,oui
homme,oui,oui
homme,oui,oui
homme,oui,oui
homme,oui,oui
homme,oui,oui
homme,oui,oui
homme,oui,oui
homme,oui,oui
homme,oui,oui
homme,oui,oui
homme,oui,oui
homme,oui,oui
homme,oui,oui
homme,oui,oui
homme,oui,oui
homme,oui,oui
homme,oui,non
homme,oui,non
homme,oui,non
homme,oui,non
homme,oui,non
homme,oui,non
homme,oui,non
homme,oui,non
homme,oui,non
homme,oui,non
homme,non,oui
homme,non,oui
homme,non,oui
homme,non,oui
homme,non,oui
homme,non,non
homme,non,non
homme,non,non
homme,non,non
homme,non,non
femme,oui,oui
femme,oui,oui
femme,oui,oui
femme,oui,oui
femme,oui,oui
femme,oui,non
femme,oui,non
femme,oui,non
femme,oui,non
femme,oui,non
femme,oui,non
femme,oui,non
femme,non,oui
femme,non,oui
femme,non,oui
femme,non,oui
femme,non,oui
femme,non,oui
femme,non,oui
femme,non,oui
femme,non,oui
femme,non,oui
femme,non,oui
femme,non,oui
femme,non,oui
femme,non,oui
femme,non,oui
femme,non,non
femme,non,non
femme,non,non
femme,non,non
femme,non,non
femme,non,non
femme,non,non
femme,non,non
femme,non,non
femme,non,non
femme,non,non
femme,non,non
femme,non,non
